{"cameraMode":{"drawMode":0,"name":"Shaded","section":"Shading Mode"},"sceneLighting":true,"audioPlay":false,"sceneViewState":{"m_AlwaysRefresh":false,"showFog":true,"showSkybox":true,"showFlares":true,"showImageEffects":true,"showParticleSystems":true,"showVisualEffectGraphs":true,"m_FxEnabled":true},"in2DMode":false,"pivot":{"x":20.342363357543947,"y":37.30190658569336,"z":-13.487968444824219},"rotation":{"x":0.10276876389980316,"y":-0.10216674953699112,"z":0.010612423531711102,"w":0.9893879890441895},"size":81.1216812133789,"orthographic":true}