{"cameraMode":{"drawMode":0,"name":"Shaded","section":"Shading Mode"},"sceneLighting":true,"audioPlay":false,"sceneViewState":{"m_AlwaysRefresh":false,"showFog":true,"showSkybox":true,"showFlares":true,"showImageEffects":true,"showParticleSystems":true,"showVisualEffectGraphs":true,"m_FxEnabled":true},"in2DMode":false,"pivot":{"x":-1.4079619646072388,"y":1.1378872394561768,"z":5.538974761962891},"rotation":{"x":0.005999304354190826,"y":-0.014999030157923699,"z":0.00008965634333435446,"w":0.9998788237571716},"size":21.98985481262207,"orthographic":true}