{"cameraMode":{"drawMode":0,"name":"Shaded","section":"Shading Mode"},"sceneLighting":true,"audioPlay":false,"sceneViewState":{"m_AlwaysRefresh":false,"showFog":true,"showSkybox":true,"showFlares":true,"showImageEffects":true,"showParticleSystems":true,"showVisualEffectGraphs":true,"m_FxEnabled":true},"in2DMode":false,"pivot":{"x":0.8298025131225586,"y":20.20121955871582,"z":-10.501168251037598},"rotation":{"x":0.005999304354190826,"y":-0.014999030157923699,"z":0.00008965634333435446,"w":0.9998788237571716},"size":19.917011260986329,"orthographic":true}