{"cameraMode":{"drawMode":0,"name":"Shaded","section":"Shading Mode"},"sceneLighting":true,"audioPlay":false,"sceneViewState":{"m_AlwaysRefresh":false,"showFog":true,"showSkybox":true,"showFlares":true,"showImageEffects":true,"showParticleSystems":true,"showVisualEffectGraphs":true,"m_FxEnabled":true},"in2DMode":false,"pivot":{"x":159.4834747314453,"y":-97.38449096679688,"z":1225.1324462890625},"rotation":{"x":-0.04679252579808235,"y":0.0005968890036456287,"z":-0.000027653783035930246,"w":-0.9989007711410523},"size":701.6983642578125,"orthographic":false}