{"cameraMode":{"drawMode":0,"name":"Shaded","section":"Shading Mode"},"sceneLighting":true,"audioPlay":false,"sceneViewState":{"m_AlwaysRefresh":false,"showFog":true,"showSkybox":true,"showFlares":true,"showImageEffects":true,"showParticleSystems":true,"showVisualEffectGraphs":true,"m_FxEnabled":true},"in2DMode":false,"pivot":{"x":42.45416259765625,"y":24.258819580078126,"z":5.766643524169922},"rotation":{"x":0.005999304354190826,"y":-0.014999030157923699,"z":0.00008965634333435446,"w":0.9998788237571716},"size":40.24320983886719,"orthographic":true}