{"cameraMode":{"drawMode":0,"name":"Shaded","section":"Shading Mode"},"sceneLighting":true,"audioPlay":false,"sceneViewState":{"m_AlwaysRefresh":false,"showFog":true,"showSkybox":true,"showFlares":true,"showImageEffects":true,"showParticleSystems":true,"showVisualEffectGraphs":true,"m_FxEnabled":true},"in2DMode":false,"pivot":{"x":102.65140533447266,"y":37.9272346496582,"z":-35.64154815673828},"rotation":{"x":-0.017095273360610009,"y":0.017995037138462068,"z":0.00037596639594994485,"w":0.9997016787528992},"size":41.40665054321289,"orthographic":false}