{"cameraMode":{"drawMode":0,"name":"Shaded","section":"Shading Mode"},"sceneLighting":true,"audioPlay":false,"sceneViewState":{"m_AlwaysRefresh":false,"showFog":true,"showSkybox":true,"showFlares":true,"showImageEffects":true,"showParticleSystems":true,"showVisualEffectGraphs":true,"m_FxEnabled":true},"in2DMode":false,"pivot":{"x":1.3851518630981446,"y":-2.9147486686706545,"z":-3.8675994873046877},"rotation":{"x":0.05322415009140968,"y":0.9467728734016419,"z":-0.2229890674352646,"w":0.22598013281822205},"size":11.768951416015625,"orthographic":false}