{"cameraMode":{"drawMode":0,"name":"Shaded","section":"Shading Mode"},"sceneLighting":true,"audioPlay":false,"sceneViewState":{"m_AlwaysRefresh":false,"showFog":true,"showSkybox":true,"showFlares":true,"showImageEffects":true,"showParticleSystems":true,"showVisualEffectGraphs":true,"m_FxEnabled":true},"in2DMode":false,"pivot":{"x":943.6714477539063,"y":446.6512451171875,"z":1277.1524658203125},"rotation":{"x":-0.04679252579808235,"y":0.0005968890036456287,"z":-0.000027653783035930246,"w":-0.9989007711410523},"size":870.1531372070313,"orthographic":false}