{"cameraMode":{"drawMode":0,"name":"Shaded","section":"Shading Mode"},"sceneLighting":true,"audioPlay":false,"sceneViewState":{"m_AlwaysRefresh":false,"showFog":true,"showSkybox":true,"showFlares":true,"showImageEffects":true,"showParticleSystems":true,"showVisualEffectGraphs":true,"m_FxEnabled":true},"in2DMode":false,"pivot":{"x":214.52926635742188,"y":4.761176109313965,"z":-1.9170233011245728},"rotation":{"x":0.001499526435509324,"y":0.0014987692702561617,"z":-9.944872090272839e-7,"w":1.0000041723251343},"size":50.993778228759769,"orthographic":true}